{"stats":{"minecraft:used":{"minecraft:beetroot":1,"minecraft:wheat_seeds":13,"minecraft:stone_sword":43,"iceandfire:dragon_skull_lightning":1,"minecraft:dirt":19,"minecraft:carrot":6,"minecraft:porkchop":2,"minecraft:potato":1},"minecraft:mined":{"minecraft:large_amethyst_bud":1,"minecraft:white_bed":1,"minecraft:grass_block":40,"minecraft:tall_grass":8,"minecraft:skeleton_skull":4,"minecraft:hay_block":13,"minecraft:carrots":9,"minecraft:wheat":11,"minecraft:orange_tulip":1,"minecraft:wither_rose":1,"minecraft:grass":7,"minecraft:potatoes":3,"minecraft:oak_log":2,"minecraft:beetroots":3,"minecraft:vine":2,"minecraft:dirt":10,"minecraft:white_tulip":1,"minecraft:player_head":2,"minecraft:cyan_candle":1,"minecraft:fern":1},"minecraft:dropped":{"minecraft:porkchop":2,"minecraft:rotten_flesh":16,"minecraft:dirt":1,"adventurez:raw_venison":2},"minecraft:picked_up":{"iceandfire:dragon_skull_lightning":1,"minecraft:coarse_dirt":31,"minecraft:potato":3,"minecraft:wither_rose":5,"minecraft:oak_log":30,"iceandfire:ectoplasm":4,"minecraft:cornflower":9,"minecraft:dirt":88,"minecraft:item_frame":6,"minecraft:zombie_head":2,"minecraft:blue_orchid":3,"minecraft:acacia_planks":3,"minecraft:beetroot":1,"iceandfire:graveyard_soil":45,"minecraft:wheat_seeds":32,"adventurez:raw_venison":2,"minecraft:white_tulip":5,"minecraft:iron_ingot":21,"minecraft:player_head":6,"minecraft:mossy_stone_bricks":3,"minecraft:cyan_candle":9,"minecraft:gray_candle":2,"iceandfire:dragonbone":85,"minecraft:copper_ingot":3,"minecraft:porkchop":4,"minecraft:white_bed":1,"minecraft:carrot":13,"iceandfire:dragon_skull_ice":5,"minecraft:stone_sword":1,"minecraft:rotten_flesh":8,"minecraft:tropical_fish":1,"minecraft:beetroot_seeds":12,"minecraft:hay_block":56,"minecraft:saddle":3,"minecraft:warped_roots":3,"minecraft:oak_sapling":3,"minecraft:skeleton_skull":13},"minecraft:custom":{"minecraft:mob_kills":3,"minecraft:tune_noteblock":4,"minecraft:eat_cake_slice":5,"minecraft:leave_game":1,"minecraft:time_since_death":2651,"minecraft:sleep_in_bed":1,"minecraft:climb_one_cm":3596,"minecraft:time_since_rest":2796,"minecraft:sprint_one_cm":99695,"minecraft:damage_taken":1893,"minecraft:walk_one_cm":188152,"minecraft:trigger_trapped_chest":3,"minecraft:drop":7,"minecraft:damage_dealt":1070,"minecraft:swim_one_cm":3551,"minecraft:talked_to_villager":1,"minecraft:fly_one_cm":172032,"minecraft:open_chest":4,"minecraft:crouch_one_cm":3264,"minecraft:play_time":69267,"minecraft:deaths":6,"minecraft:sneak_time":1061,"minecraft:walk_under_water_one_cm":658,"minecraft:jump":1005,"minecraft:walk_on_water_one_cm":3619,"minecraft:total_world_time":69267,"minecraft:fall_one_cm":25365,"minecraft:horse_one_cm":253780},"minecraft:killed":{"minecraft:pig":2,"iceandfire:ghost":1},"minecraft:killed_by":{"minecraft:husk":1,"minecraft:player":1,"minecraft:skeleton":1,"minecraft:iron_golem":1,"iceandfire:ghost":2}},"DataVersion":3465}