{"stats":{"minecraft:killed_by":{"minecraft:husk":1,"minecraft:player":1,"minecraft:skeleton":1,"minecraft:iron_golem":2,"iceandfire:ghost":2},"minecraft:used":{"minecraft:beetroot":1,"minecraft:wheat_seeds":13,"minecraft:stone_sword":132,"iceandfire:dragon_skull_lightning":1,"minecraft:torch":2,"minecraft:dirt":30,"minecraft:carrot":6,"minecraft:white_bed":1,"minecraft:oak_sapling":1,"minecraft:porkchop":2,"minecraft:potato":1,"beansbackpacks:backpack":3},"minecraft:mined":{"minecraft:large_amethyst_bud":1,"minecraft:white_bed":1,"minecraft:crafting_table":1,"minecraft:torch":1,"minecraft:dark_oak_fence":1,"minecraft:grass_block":41,"minecraft:decorated_pot":1,"minecraft:tall_grass":8,"minecraft:wall_torch":6,"minecraft:skeleton_skull":4,"minecraft:hay_block":13,"minecraft:carrots":9,"minecraft:wheat":11,"minecraft:orange_tulip":1,"minecraft:wither_rose":1,"minecraft:grass":8,"minecraft:potatoes":3,"minecraft:oak_log":2,"minecraft:vine":2,"minecraft:beetroots":3,"minecraft:dirt":11,"minecraft:white_tulip":1,"minecraft:player_head":2,"minecraft:cyan_candle":1,"minecraft:fern":1},"minecraft:picked_up":{"iceandfire:dragon_skull_lightning":2,"minecraft:crafting_table":1,"minecraft:coarse_dirt":51,"minecraft:potato":3,"minecraft:wither_rose":7,"beansbackpacks:backpack":1,"minecraft:oak_log":42,"iceandfire:ectoplasm":6,"minecraft:brewing_stand":1,"minecraft:cornflower":12,"minecraft:dirt":173,"minecraft:compass":1,"minecraft:leather_boots":1,"minecraft:item_frame":10,"minecraft:zombie_head":4,"minecraft:acacia_planks":4,"minecraft:blue_orchid":4,"minecraft:beetroot":1,"iceandfire:graveyard_soil":60,"minecraft:wheat_seeds":33,"adventurez:raw_venison":2,"minecraft:iron_ingot":54,"minecraft:white_tulip":6,"minecraft:player_head":10,"minecraft:mossy_stone_bricks":5,"minecraft:poppy":2,"minecraft:cyan_candle":15,"minecraft:gray_candle":4,"iceandfire:dragonbone":106,"minecraft:copper_ingot":5,"minecraft:torch":7,"minecraft:porkchop":4,"minecraft:white_bed":2,"minecraft:carrot":13,"minecraft:cauldron":2,"iceandfire:dragon_skull_ice":6,"minecraft:stone_sword":1,"minecraft:rotten_flesh":10,"minecraft:beetroot_seeds":12,"minecraft:tropical_fish":2,"minecraft:decorated_pot":1,"minecraft:iron_helmet":1,"minecraft:hay_block":84,"minecraft:saddle":5,"minecraft:warped_roots":5,"minecraft:oak_sapling":4,"minecraft:dark_oak_fence":1,"minecraft:skeleton_skull":21},"minecraft:custom":{"minecraft:mob_kills":6,"minecraft:tune_noteblock":4,"minecraft:eat_cake_slice":5,"minecraft:leave_game":1,"minecraft:time_since_death":17624,"minecraft:sleep_in_bed":3,"minecraft:climb_one_cm":3596,"minecraft:time_since_rest":5678,"minecraft:sprint_one_cm":131516,"minecraft:damage_taken":2369,"minecraft:walk_one_cm":231696,"minecraft:trigger_trapped_chest":3,"minecraft:drop":10,"minecraft:damage_dealt":2984,"minecraft:swim_one_cm":3551,"minecraft:talked_to_villager":1,"minecraft:fly_one_cm":295300,"minecraft:open_chest":7,"minecraft:crouch_one_cm":4147,"minecraft:play_time":91282,"minecraft:deaths":7,"minecraft:sneak_time":1943,"minecraft:walk_under_water_one_cm":658,"minecraft:jump":1286,"minecraft:walk_on_water_one_cm":4225,"minecraft:total_world_time":91282,"minecraft:fall_one_cm":32575,"minecraft:horse_one_cm":389715},"minecraft:killed":{"minecraft:pig":2,"minecraft:iron_golem":2,"minecraft:zombie":1,"iceandfire:ghost":1},"minecraft:dropped":{"minecraft:porkchop":2,"minecraft:rotten_flesh":18,"minecraft:dirt":1,"minecraft:cornflower":3,"minecraft:leather_boots":1,"adventurez:raw_venison":2}},"DataVersion":3465}