{"stats":{"minecraft:used":{"minecraft:cow_spawn_egg":1,"minecraft:stone_sword":31,"minecraft:cobblestone_stairs":1,"minecraft:stone_pickaxe":140,"minecraft:wooden_pickaxe":26,"minecraft:iron_sword":57,"minecraft:sheep_spawn_egg":1,"minecraft:torch":11,"minecraft:dirt":2,"minecraft:crafting_table":3,"minecraft:mossy_cobblestone_stairs":1,"minecraft:iron_axe":18,"minecraft:diamond_sword":265,"minecraft:cobblestone":7,"minecraft:cooked_beef":1,"beansbackpacks:backpack":2,"minecraft:cooked_porkchop":14,"minecraft:porkchop":2,"adventurez:raw_venison":1,"minecraft:experience_bottle":1},"minecraft:mined":{"minecraft:large_amethyst_bud":1,"minecraft:acacia_leaves":1,"iceandfire:silver_ore":7,"minecraft:cobblestone_stairs":1,"minecraft:brewing_stand":1,"minecraft:crafting_table":2,"minecraft:cornflower":3,"minecraft:torch":5,"minecraft:acacia_log":3,"minecraft:grass_block":5,"minecraft:warped_roots":1,"minecraft:stone_slab":1,"minecraft:tall_grass":6,"minecraft:cobblestone":3,"minecraft:wall_torch":5,"minecraft:spawner":7,"minecraft:hay_block":24,"minecraft:coarse_dirt":11,"minecraft:furnace":3,"minecraft:mossy_cobblestone_stairs":1,"minecraft:iron_ore":4,"minecraft:sweet_berry_bush":3,"minecraft:smooth_stone_slab":2,"minecraft:grass":13,"minecraft:bookshelf":2,"minecraft:coal_ore":23,"minecraft:oak_log":6,"minecraft:water_cauldron":2,"minecraft:zombie_head":2,"minecraft:cobweb":1,"minecraft:blue_orchid":2,"minecraft:stone":17,"minecraft:mossy_stone_bricks":1,"minecraft:oak_leaves":1,"minecraft:gray_candle":1,"minecraft:fern":2},"minecraft:dropped":{"minecraft:white_tulip":1,"minecraft:sweet_berries":3,"minecraft:wheat_seeds":2,"minecraft:stone_sword":1,"minecraft:oak_planks":4,"minecraft:cobblestone":4,"minecraft:rotten_flesh":25,"minecraft:light_gray_wool":2,"minecraft:gray_wool":1,"minecraft:brewing_stand":1,"minecraft:zombie_head":1,"minecraft:gray_candle":2,"minecraft:egg":1,"minecraft:wooden_pickaxe":1,"iceandfire:dragon_skull_lightning":1,"adventurez:raw_venison":2,"minecraft:white_wool":5},"minecraft:picked_up":{"iceandfire:dragon_skull_lightning":4,"minecraft:coarse_dirt":20,"minecraft:crafting_table":2,"minecraft:leather":13,"minecraft:diamond_sword":1,"minecraft:potato":1,"minecraft:enchanted_book":4,"beansbackpacks:backpack":2,"minecraft:flint":6,"minecraft:oak_log":5,"minecraft:brewing_stand":3,"minecraft:cobblestone_stairs":1,"minecraft:cornflower":3,"minecraft:string":23,"minecraft:dirt":5,"minecraft:smooth_stone_slab":1,"minecraft:name_tag":2,"minecraft:bone":35,"minecraft:zombie_head":2,"minecraft:experience_bottle":1,"minecraft:blue_orchid":1,"minecraft:wheat_seeds":3,"bosses_of_mass_destruction:soul_star":1,"adventurez:raw_venison":5,"minecraft:white_tulip":1,"minecraft:iron_ingot":3,"minecraft:beef":17,"minecraft:mossy_stone_bricks":1,"minecraft:light_gray_wool":2,"minecraft:gray_candle":2,"minecraft:oak_planks":4,"minecraft:egg":1,"minecraft:furnace":4,"minecraft:book":12,"minecraft:raw_iron":6,"minecraft:stick":2,"minecraft:sheep_spawn_egg":1,"minecraft:sweet_berries":3,"patchouli:guide_book":2,"minecraft:acacia_log":3,"minecraft:torch":9,"minecraft:porkchop":26,"minecraft:cauldron":2,"iceandfire:raw_silver":7,"minecraft:arrow":3,"minecraft:rotten_flesh":48,"minecraft:cow_spawn_egg":2,"minecraft:hay_block":31,"minecraft:gray_wool":1,"minecraft:gold_ingot":7,"minecraft:saddle":1,"minecraft:emerald":2,"minecraft:mossy_cobblestone_stairs":1,"minecraft:warped_roots":1,"minecraft:oak_sapling":2,"minecraft:mutton":12,"minecraft:coal":27,"minecraft:white_wool":5,"minecraft:cobblestone":25},"minecraft:crafted":{"minecraft:cooked_beef":17,"minecraft:oak_planks":4,"minecraft:cooked_porkchop":24,"minecraft:crafting_table":1,"minecraft:wooden_pickaxe":1,"iceandfire:dragon_stick":1,"minecraft:cooked_mutton":12,"minecraft:bread":45,"minecraft:air":0,"minecraft:stick":8,"minecraft:iron_ingot":4,"minecraft:stone_pickaxe":1,"minecraft:stone_sword":2,"minecraft:acacia_planks":4,"beansbackpacks:backpack":1,"minecraft:wheat":135},"minecraft:custom":{"minecraft:interact_with_furnace":44,"minecraft:mob_kills":93,"minecraft:interact_with_crafting_table":10,"minecraft:bell_ring":7,"minecraft:interact_with_grindstone":1,"minecraft:time_since_death":33059,"minecraft:sleep_in_bed":2,"minecraft:climb_one_cm":4674,"minecraft:time_since_rest":23435,"minecraft:sprint_one_cm":245060,"minecraft:damage_taken":1328,"minecraft:walk_one_cm":200348,"minecraft:drop":24,"minecraft:damage_dealt":15454,"minecraft:swim_one_cm":22994,"minecraft:talked_to_villager":1,"minecraft:player_kills":1,"minecraft:fly_one_cm":401298,"minecraft:open_chest":47,"minecraft:crouch_one_cm":3936,"minecraft:play_time":69097,"minecraft:deaths":2,"minecraft:sneak_time":1399,"minecraft:walk_under_water_one_cm":2482,"minecraft:jump":1479,"minecraft:walk_on_water_one_cm":8819,"minecraft:total_world_time":69097,"minecraft:fall_one_cm":39443,"minecraft:horse_one_cm":73470},"minecraft:killed_by":{"minecraft:skeleton":1,"friendsandfoes:mauler":1},"minecraft:killed":{"minecraft:pig":13,"minecraft:spider":1,"minecraft:sheep":8,"minecraft:skeleton":3,"adventurez:deer":1,"minecraft:zombie":52,"iceandfire:ghost":2,"adventurez:orc":2,"minecraft:player":1,"minecraft:cow":11}},"DataVersion":3465}