{"stats":{"minecraft:used":{"minecraft:cow_spawn_egg":1,"minecraft:stone_sword":31,"minecraft:cobblestone_stairs":1,"minecraft:stone_pickaxe":102,"minecraft:wooden_pickaxe":26,"minecraft:iron_sword":57,"minecraft:sheep_spawn_egg":1,"minecraft:torch":8,"minecraft:dirt":2,"minecraft:crafting_table":3,"minecraft:mossy_cobblestone_stairs":1,"minecraft:diamond_sword":241,"minecraft:cobblestone":7,"beansbackpacks:backpack":2,"minecraft:cooked_porkchop":13,"minecraft:porkchop":2,"adventurez:raw_venison":1,"minecraft:experience_bottle":1},"minecraft:mined":{"minecraft:large_amethyst_bud":1,"minecraft:acacia_leaves":1,"minecraft:cobblestone_stairs":1,"minecraft:brewing_stand":1,"minecraft:crafting_table":2,"minecraft:cornflower":3,"minecraft:acacia_log":3,"minecraft:grass_block":5,"minecraft:warped_roots":1,"minecraft:stone_slab":1,"minecraft:tall_grass":2,"minecraft:cobblestone":3,"minecraft:wall_torch":3,"minecraft:spawner":7,"minecraft:hay_block":24,"minecraft:coarse_dirt":11,"minecraft:furnace":1,"minecraft:mossy_cobblestone_stairs":1,"minecraft:iron_ore":4,"minecraft:sweet_berry_bush":3,"minecraft:smooth_stone_slab":2,"minecraft:grass":13,"minecraft:bookshelf":2,"minecraft:coal_ore":18,"minecraft:oak_log":6,"minecraft:water_cauldron":2,"minecraft:zombie_head":2,"minecraft:cobweb":1,"minecraft:blue_orchid":2,"minecraft:stone":16,"minecraft:mossy_stone_bricks":1,"minecraft:oak_leaves":1,"minecraft:gray_candle":1,"minecraft:fern":2},"minecraft:dropped":{"minecraft:stone_sword":1,"minecraft:rotten_flesh":5,"minecraft:brewing_stand":1,"minecraft:zombie_head":1,"minecraft:gray_candle":2,"minecraft:wooden_pickaxe":1,"iceandfire:dragon_skull_lightning":1,"adventurez:raw_venison":2,"minecraft:white_wool":4},"minecraft:picked_up":{"iceandfire:dragon_skull_lightning":4,"minecraft:coarse_dirt":20,"minecraft:crafting_table":2,"minecraft:leather":13,"minecraft:potato":1,"minecraft:enchanted_book":4,"beansbackpacks:backpack":2,"minecraft:flint":6,"minecraft:oak_log":5,"minecraft:brewing_stand":3,"minecraft:cobblestone_stairs":1,"minecraft:cornflower":3,"minecraft:string":23,"minecraft:dirt":5,"minecraft:smooth_stone_slab":1,"minecraft:name_tag":2,"minecraft:bone":35,"minecraft:zombie_head":2,"minecraft:experience_bottle":1,"minecraft:blue_orchid":1,"minecraft:wheat_seeds":2,"bosses_of_mass_destruction:soul_star":1,"adventurez:raw_venison":5,"minecraft:iron_ingot":3,"minecraft:beef":10,"minecraft:mossy_stone_bricks":1,"minecraft:light_gray_wool":1,"minecraft:gray_candle":2,"minecraft:oak_planks":4,"minecraft:furnace":2,"minecraft:book":12,"minecraft:raw_iron":6,"minecraft:stick":2,"minecraft:sheep_spawn_egg":1,"minecraft:sweet_berries":3,"patchouli:guide_book":2,"minecraft:acacia_log":3,"minecraft:torch":2,"minecraft:porkchop":24,"minecraft:cauldron":2,"minecraft:arrow":3,"minecraft:rotten_flesh":47,"minecraft:cow_spawn_egg":2,"minecraft:hay_block":31,"minecraft:gray_wool":1,"minecraft:gold_ingot":7,"minecraft:saddle":1,"minecraft:emerald":1,"minecraft:mossy_cobblestone_stairs":1,"minecraft:warped_roots":1,"minecraft:oak_sapling":2,"minecraft:mutton":12,"minecraft:coal":22,"minecraft:white_wool":5,"minecraft:cobblestone":24},"minecraft:crafted":{"minecraft:oak_planks":4,"minecraft:cooked_porkchop":15,"minecraft:crafting_table":1,"minecraft:wooden_pickaxe":1,"minecraft:cooked_mutton":5,"minecraft:bread":45,"minecraft:air":0,"minecraft:stick":8,"minecraft:stone_pickaxe":1,"minecraft:stone_sword":2,"minecraft:acacia_planks":4,"beansbackpacks:backpack":1,"minecraft:wheat":135},"minecraft:custom":{"minecraft:interact_with_furnace":26,"minecraft:mob_kills":86,"minecraft:interact_with_crafting_table":8,"minecraft:bell_ring":7,"minecraft:time_since_death":21059,"minecraft:sleep_in_bed":2,"minecraft:climb_one_cm":4674,"minecraft:time_since_rest":11435,"minecraft:sprint_one_cm":210801,"minecraft:damage_taken":1242,"minecraft:walk_one_cm":174022,"minecraft:drop":11,"minecraft:damage_dealt":13849,"minecraft:swim_one_cm":17314,"minecraft:talked_to_villager":1,"minecraft:player_kills":1,"minecraft:fly_one_cm":302363,"minecraft:open_chest":44,"minecraft:crouch_one_cm":3693,"minecraft:play_time":57097,"minecraft:deaths":2,"minecraft:sneak_time":1337,"minecraft:walk_under_water_one_cm":1837,"minecraft:jump":1153,"minecraft:walk_on_water_one_cm":6007,"minecraft:total_world_time":57097,"minecraft:fall_one_cm":30094,"minecraft:horse_one_cm":73470},"minecraft:killed_by":{"minecraft:skeleton":1,"friendsandfoes:mauler":1},"minecraft:killed":{"minecraft:pig":12,"minecraft:sheep":8,"minecraft:skeleton":3,"adventurez:deer":1,"minecraft:zombie":52,"iceandfire:ghost":2,"minecraft:player":1,"minecraft:cow":8}},"DataVersion":3465}