{"stats":{"minecraft:mined":{"minecraft:grass_block":2,"minecraft:grass":1,"minecraft:coarse_dirt":2,"minecraft:oak_leaves":2,"minecraft:dirt":2},"minecraft:used":{"minecraft:dirt":2},"minecraft:custom":{"minecraft:jump":115,"minecraft:time_since_rest":217,"minecraft:deaths":2,"minecraft:damage_dealt":80,"minecraft:crouch_one_cm":3446,"minecraft:leave_game":2,"minecraft:sprint_one_cm":14383,"minecraft:play_time":14204,"minecraft:damage_taken":684,"minecraft:time_since_death":84,"minecraft:walk_one_cm":21509,"minecraft:sneak_time":1176,"minecraft:total_world_time":14204,"minecraft:fall_one_cm":8698,"minecraft:fly_one_cm":18149},"minecraft:picked_up":{"minecraft:coarse_dirt":2,"minecraft:dirt":3}},"DataVersion":3465}